<?xml version="1.0" encoding="UTF-8"?>
<project>
  <!--(*
 *
 * File: model_prawego_zbiornika.xml
 *
 * IEC 61131-3 Structured Text (ST) code generated for subsystem "model_prawego_zbiornika/ADRC"
 *
 * Model name                      : model_prawego_zbiornika
 * Model version                   : 1.19
 * Model creator                   : kerif
 * Model last modified by          : kerif
 * Model last modified on          : Sun Mar 10 13:49:57 2024
 * Model sample time               : 0.02s
 * Subsystem name                  : model_prawego_zbiornika/ADRC
 * Subsystem sample time           : 0.02s
 * Simulink PLC Coder version      : 23.2 (R2023b) 01-Aug-2023
 * ST code generated on            : Mon Mar 11 20:48:47 2024
 *
 * Target IDE selection            : 3S CoDeSys 3.5
 * Test Bench included             : No
 *
 *)
-->
  <fileHeader companyName="The Mathworks, Inc." companyURL="www.mathworks.com" contentDescription="" creationDateTime="2024-03-11T20:48:47" productName="Simulink PLC Coder" productRelease="(R2023b)" productVersion="23.2"/>
  <contentHeader name="model_prawego_zbiornika">
    <coordinateInfo>
      <fbd>
        <scaling x="0" y="0"/>
      </fbd>
      <ld>
        <scaling x="0" y="0"/>
      </ld>
      <sfc>
        <scaling x="0" y="0"/>
      </sfc>
    </coordinateInfo>
  </contentHeader>
  <types>
    <dataTypes/>
    <pous>
      <pou name="ADRC" pouType="functionBlock">
        <interface>
          <inputVars>
            <variable name="ssMethodType">
              <type>
                <derived name="SINT"/>
              </type>
            </variable>
            <variable name="Ref">
              <type>
                <derived name="LREAL"/>
              </type>
            </variable>
            <variable name="fdbck">
              <type>
                <derived name="LREAL"/>
              </type>
            </variable>
          </inputVars>
          <outputVars>
            <variable name="controlSignal">
              <type>
                <derived name="LREAL"/>
              </type>
            </variable>
          </outputVars>
          <localVars>
            <variable name="c_DiscreteTimeIntegrator_DS">
              <type>
                <array>
                  <dimension lower="0" upper="1"/>
                  <baseType>
                    <derived name="LREAL"/>
                  </baseType>
                </array>
              </type>
            </variable>
            <variable name="b_observerBandwidth">
              <type>
                <derived name="LREAL"/>
              </type>
            </variable>
          </localVars>
        </interface>
        <body>
          <ST>
            <xhtml xmlns="http://www.w3.org/1999/xhtml"><![CDATA[

CASE ssMethodType OF
    SS_INITIALIZE: 
        (* SystemInitialize for Atomic SubSystem: '<Root>/ADRC' *)
        (* InitializeConditions for DiscreteIntegrator: '<S3>/Discrete-Time Integrator' *)
        c_DiscreteTimeIntegrator_DS[0] := 0.0;
        c_DiscreteTimeIntegrator_DS[1] := 0.0;
        (* End of SystemInitialize for SubSystem: '<Root>/ADRC' *)
    SS_STEP: 
        (* Outputs for Atomic SubSystem: '<Root>/ADRC' *)
        (* MATLAB Function: '<S5>/Extended state feedback robust controller' incorporates:
         *  DiscreteIntegrator: '<S3>/Discrete-Time Integrator' *)
        (* MATLAB Function 'ADRC/ADRC controller/State feedback robust controller/Extended state feedback robust controller': '<S10>:1' *)
        (* '<S10>:1:8' usedInputGain = evaluateSource(inputGainParameter, externalInputGainParameter); *)
        (* '<S10>:1:17' if(external == 0) *)
        (* '<S10>:1:18' output = internal; *)
        (* '<S10>:1:9' usedControllerBandwidth = evaluateSource(controllerBandwidth, externalControllerBandwidth); *)
        (* '<S10>:1:17' if(external == 0) *)
        (* '<S10>:1:18' output = internal; *)
        (* '<S10>:1:10' K = calculateControllerGain(usedControllerBandwidth, dynamicsOrder); *)
        (* '<S10>:1:25' extendedControllerGain = poly(-controllerBandwidth * ones(1, dynamicsOrder)); *)
        (* '<S10>:1:26' controllerGain = flip(extendedControllerGain(2:end)); *)
        (* '<S10>:1:12' controlSignal = 1/usedInputGain * (estimatedExtendedState(end) +... *)
        (* '<S10>:1:13'             K * estimatedExtendedState(1:end-1)); *)
        controlSignal := ((0.5 * c_DiscreteTimeIntegrator_DS[0]) + c_DiscreteTimeIntegrator_DS[1]) * 170.590242238144;
        (* Saturate: '<S13>/Saturation' *)

        IF controlSignal > 100.0 THEN 
            controlSignal := 100.0;
        ELSIF controlSignal < 0.0 THEN 
            controlSignal := 0.0;
        END_IF;

        (* End of Saturate: '<S13>/Saturation' *)
        

        (* MATLAB Function: '<S3>/Linear extended state observer' incorporates:
         *  DiscreteIntegrator: '<S3>/Discrete-Time Integrator'
         *  Sum: '<S1>/Sum' *)
        (* MATLAB Function 'ADRC/ADRC controller/Linear extended state observer/Linear extended state observer': '<S6>:1' *)
        (* '<S6>:1:10' usedInputGain = evaluateSource(inputGainParameter, externalInputGainParameter); *)
        (* '<S6>:1:22' if(external == 0) *)
        (* '<S6>:1:23' output = internal; *)
        (* '<S6>:1:11' usedObserverBandwidth = evaluateSource(observerBandwidth, externalObserverBandwidth); *)
        (* '<S6>:1:22' if(external == 0) *)
        (* '<S6>:1:23' output = internal; *)
        (* '<S6>:1:12' A = calculateObserverStateMatrix(dynamicsOrder); *)
        (* '<S6>:1:13' B = calculateObserverInputMatrix(usedInputGain, dynamicsOrder); *)
        (* '<S6>:1:35' observerInputMatrix = [zeros(dynamicsOrder-1,1); -inputGainParameter; 0]; *)
        (* '<S6>:1:14' L = calculateObserverGainVector(usedObserverBandwidth, dynamicsOrder); *)
        (* '<S6>:1:39' extendedGainVector = poly(-observerBandwidth * ones(1, dynamicsOrder+1))'; *)
        (* '<S6>:1:40' observerGainVector = extendedGainVector(2:end); *)
        (* '<S6>:1:16' estimatedExtendedStateDerivative = A * previousEstimatedExtendedState +... *)
        (* '<S6>:1:17'         B * controlSignal +... *)
        (* '<S6>:1:18'         L * (controlError - previousEstimatedExtendedState(1)); *)
        b_observerBandwidth := (Ref - fdbck) - c_DiscreteTimeIntegrator_DS[0];
        (* Update for DiscreteIntegrator: '<S3>/Discrete-Time Integrator' incorporates:
         *  MATLAB Function: '<S3>/Linear extended state observer' *)
        (* MATLAB Function 'ADRC/ADRC controller/Observer output/Only estimated total disturbance/Last element of estimated extended state': '<S8>:1' *)
        (* '<S8>:1:2' y = u(end); *)
        c_DiscreteTimeIntegrator_DS[0] := ((((-0.005862 * controlSignal) + c_DiscreteTimeIntegrator_DS[1]) + (6.0 * b_observerBandwidth)) * 0.02) + c_DiscreteTimeIntegrator_DS[0];
        c_DiscreteTimeIntegrator_DS[1] := ((9.0 * b_observerBandwidth) * 0.02) + c_DiscreteTimeIntegrator_DS[1];
        (* End of Outputs for SubSystem: '<Root>/ADRC' *)
END_CASE;


]]></xhtml>
          </ST>
        </body>
      </pou>
    </pous>
  </types>
  <instances>
    <configurations/>
  </instances>
  <addData>
    <data handleUnknown="implementation" name="http://www.3s-software.com/plcopenxml/globalvars">
      <globalVars constant="true" name="GVL_CONSTS">
        <variable name="SS_INITIALIZE">
          <type>
            <derived name="SINT"/>
          </type>
          <initialValue>
            <simpleValue value="0"/>
          </initialValue>
        </variable>
        <variable name="SS_STEP">
          <type>
            <derived name="SINT"/>
          </type>
          <initialValue>
            <simpleValue value="1"/>
          </initialValue>
        </variable>
      </globalVars>
    </data>
    <data handleUnknown="implementation" name="http://www.3s-software.com/plcopenxml/globalvars">
      <globalVars name="GVL_VARS"/>
    </data>
  </addData>
  <addData>
    <data handleUnknown="discard" name="http://www.3s-software.com/plcopenxml/projectstructure">
      <ProjectStructure>
        <Object Name="GVL_CONSTS"/>
        <Object Name="GVL_VARS"/>
        <Object Name="ADRC"/>
      </ProjectStructure>
    </data>
  </addData>
</project>
